continent,mean(lifeExp)
Africa,54.80603846153846
Americas,73.60812
Asia,70.72848484848485
Europe,77.6486
Oceania,80.7195
